person_id,n_images,img_neutral,r_g,race,gender
AF-200,1.0,CFD-AF-200-228-N.jpg,AF,A,F
AF-201,1.0,CFD-AF-201-060-N.jpg,AF,A,F
AF-202,1.0,CFD-AF-202-122-N.jpg,AF,A,F
AF-203,1.0,CFD-AF-203-077-N.jpg,AF,A,F
AF-204,1.0,CFD-AF-204-067-N.jpg,AF,A,F
AF-205,1.0,CFD-AF-205-155-N.jpg,AF,A,F
AF-206,1.0,CFD-AF-206-079-N.jpg,AF,A,F
AF-207,1.0,CFD-AF-207-023-N.jpg,AF,A,F
AF-208,1.0,CFD-AF-208-003-N.jpg,AF,A,F
AF-209,1.0,CFD-AF-209-006-N.jpg,AF,A,F
AF-210,1.0,CFD-AF-210-050-N.jpg,AF,A,F
AF-211,1.0,CFD-AF-211-066-N.jpg,AF,A,F
AF-212,1.0,CFD-AF-212-097-N.jpg,AF,A,F
AF-213,1.0,CFD-AF-213-126-N.jpg,AF,A,F
AF-214,1.0,CFD-AF-214-139-N.jpg,AF,A,F
AF-215,1.0,CFD-AF-215-70-N.jpg,AF,A,F
AF-216,1.0,CFD-AF-216-106-N.jpg,AF,A,F
AF-217,1.0,CFD-AF-217-155-N.jpg,AF,A,F
AF-218,1.0,CFD-AF-218-157-N.jpg,AF,A,F
AF-219,1.0,CFD-AF-219-106-N.jpg,AF,A,F
AF-220,1.0,CFD-AF-220-107-N.jpg,AF,A,F
AF-221,1.0,CFD-AF-221-147-N.jpg,AF,A,F
AF-222,1.0,CFD-AF-222-134-N.jpg,AF,A,F
AF-223,1.0,CFD-AF-223-183-N.jpg,AF,A,F
AF-224,1.0,CFD-AF-224-026-N.jpg,AF,A,F
AF-225,1.0,CFD-AF-225-141-N.jpg,AF,A,F
AF-226,1.0,CFD-AF-226-251-N.jpg,AF,A,F
AF-227,1.0,CFD-AF-227-207-N.jpg,AF,A,F
AF-228,1.0,CFD-AF-228-173-N.jpg,AF,A,F
AF-229,1.0,CFD-AF-229-160-N.jpg,AF,A,F
AF-230,1.0,CFD-AF-230-193-N.jpg,AF,A,F
AF-231,1.0,CFD-AF-231-357-N.jpg,AF,A,F
AF-232,1.0,CFD-AF-232-078-N.jpg,AF,A,F
AF-233,1.0,CFD-AF-233-190-N.jpg,AF,A,F
AF-234,1.0,CFD-AF-234-208-N.jpg,AF,A,F
AF-235,1.0,CFD-AF-235-170-N.jpg,AF,A,F
AF-236,1.0,CFD-AF-236-145-N.jpg,AF,A,F
AF-237,1.0,CFD-AF-237-223-N.jpg,AF,A,F
AF-238,1.0,CFD-AF-238-185-N.jpg,AF,A,F
AF-239,1.0,CFD-AF-239-171-N.jpg,AF,A,F
AF-240,1.0,CFD-AF-240-206-N.jpg,AF,A,F
AF-241,1.0,CFD-AF-241-141-N.jpg,AF,A,F
AF-242,1.0,CFD-AF-242-158-N.jpg,AF,A,F
AF-243,1.0,CFD-AF-243-170-N.jpg,AF,A,F
AF-244,1.0,CFD-AF-244-168-N.jpg,AF,A,F
AF-245,1.0,CFD-AF-245-143-N.jpg,AF,A,F
AF-246,1.0,CFD-AF-246-242-N.jpg,AF,A,F
AF-247,1.0,CFD-AF-247-278-N.jpg,AF,A,F
AF-248,1.0,CFD-AF-248-148-N.jpg,AF,A,F
AF-249,1.0,CFD-AF-249-092-N.jpg,AF,A,F
AF-250,1.0,CFD-AF-250-200-N.jpg,AF,A,F
AF-251,1.0,CFD-AF-251-093-N.jpg,AF,A,F
AF-252,1.0,CFD-AF-252-135-N.jpg,AF,A,F
AF-253,1.0,CFD-AF-253-130-N.jpg,AF,A,F
AF-254,1.0,CFD-AF-254-167-N.jpg,AF,A,F
AF-255,1.0,CFD-AF-255-209-N.jpg,AF,A,F
AF-256,1.0,CFD-AF-256-160-N.jpg,AF,A,F
AM-201,1.0,CFD-AM-201-076-N.jpg,AM,A,M
AM-202,1.0,CFD-AM-202-079-N.jpg,AM,A,M
AM-203,1.0,CFD-AM-203-086-N.jpg,AM,A,M
AM-204,1.0,CFD-AM-204-122-N.jpg,AM,A,M
AM-205,1.0,CFD-AM-205-153-N.jpg,AM,A,M
AM-206,1.0,CFD-AM-206-086-N.jpg,AM,A,M
AM-207,1.0,CFD-AM-207-108-N.jpg,AM,A,M
AM-208,1.0,CFD-AM-208-143-N.jpg,AM,A,M
AM-209,1.0,CFD-AM-209-048-N.jpg,AM,A,M
AM-210,1.0,CFD-AM-210-035-N.jpg,AM,A,M
AM-211,1.0,CFD-AM-211-052-N.jpg,AM,A,M
AM-212,1.0,CFD-AM-212-050-N.jpg,AM,A,M
AM-213,1.0,CFD-AM-213-056-N.jpg,AM,A,M
AM-214,1.0,CFD-AM-214-168-N.jpg,AM,A,M
AM-215,1.0,CFD-AM-215-120-N.jpg,AM,A,M
AM-216,1.0,CFD-AM-216-114-N.jpg,AM,A,M
AM-217,1.0,CFD-AM-217-085-N.jpg,AM,A,M
AM-218,1.0,CFD-AM-218-085-N.jpg,AM,A,M
AM-219,1.0,CFD-AM-219-101-N.jpg,AM,A,M
AM-220,1.0,CFD-AM-220-134-N.jpg,AM,A,M
AM-221,1.0,CFD-AM-221-184-N.jpg,AM,A,M
AM-223,1.0,CFD-AM-223-138-N.jpg,AM,A,M
AM-224,1.0,CFD-AM-224-126-N.jpg,AM,A,M
AM-225,1.0,CFD-AM-225-102-N.jpg,AM,A,M
AM-226,1.0,CFD-AM-226-234-N.jpg,AM,A,M
AM-227,1.0,CFD-AM-227-184-N.jpg,AM,A,M
AM-228,1.0,CFD-AM-228-214-N.jpg,AM,A,M
AM-229,1.0,CFD-AM-229-224-N.jpg,AM,A,M
AM-230,1.0,CFD-AM-230-150-N.jpg,AM,A,M
AM-231,1.0,CFD-AM-231-136-N.jpg,AM,A,M
AM-232,1.0,CFD-AM-232-251-N.jpg,AM,A,M
AM-233,1.0,CFD-AM-233-236-N.jpg,AM,A,M
AM-234,1.0,CFD-AM-234-355-N.jpg,AM,A,M
AM-235,1.0,CFD-AM-235-241-N.jpg,AM,A,M
AM-236,1.0,CFD-AM-236-090-N.jpg,AM,A,M
AM-237,1.0,CFD-AM-237-154-N.jpg,AM,A,M
AM-238,1.0,CFD-AM-238-269-N.jpg,AM,A,M
AM-239,1.0,CFD-AM-239-147-N.jpg,AM,A,M
AM-240,1.0,CFD-AM-240-191-N.jpg,AM,A,M
AM-241,1.0,CFD-AM-241-287-N.jpg,AM,A,M
AM-242,1.0,CFD-AM-242-176-N.jpg,AM,A,M
AM-243,1.0,CFD-AM-243-212-N.jpg,AM,A,M
AM-244,1.0,CFD-AM-244-222-N.jpg,AM,A,M
AM-245,1.0,CFD-AM-245-111-N.jpg,AM,A,M
AM-246,1.0,CFD-AM-246-184-N.jpg,AM,A,M
AM-247,1.0,CFD-AM-247-165-N.jpg,AM,A,M
AM-248,1.0,CFD-AM-248-104-N.jpg,AM,A,M
AM-249,1.0,CFD-AM-249-163-N.jpg,AM,A,M
AM-250,1.0,CFD-AM-250-149-N.jpg,AM,A,M
AM-251,1.0,CFD-AM-251-124-N.jpg,AM,A,M
AM-252,1.0,CFD-AM-252-114-N.jpg,AM,A,M
AM-253,1.0,CFD-AM-253-161-N.jpg,AM,A,M
BF-001,5.0,CFD-BF-001-025-N.jpg,BF,B,F
BF-002,5.0,CFD-BF-002-001-N.jpg,BF,B,F
BF-003,5.0,CFD-BF-003-003-N.jpg,BF,B,F
BF-004,5.0,CFD-BF-004-014-N.jpg,BF,B,F
BF-005,5.0,CFD-BF-005-001-N.jpg,BF,B,F
BF-006,5.0,CFD-BF-006-017-N.jpg,BF,B,F
BF-007,5.0,CFD-BF-007-001-N.jpg,BF,B,F
BF-008,5.0,CFD-BF-008-001-N.jpg,BF,B,F
BF-009,5.0,CFD-BF-009-002-N.jpg,BF,B,F
BF-010,5.0,CFD-BF-010-001-N.jpg,BF,B,F
BF-011,5.0,CFD-BF-011-002-N.jpg,BF,B,F
BF-012,5.0,CFD-BF-012-001-N.jpg,BF,B,F
BF-013,5.0,CFD-BF-013-001-N.jpg,BF,B,F
BF-014,5.0,CFD-BF-014-002-N.jpg,BF,B,F
BF-015,5.0,CFD-BF-015-004-N.jpg,BF,B,F
BF-016,5.0,CFD-BF-016-017-N.jpg,BF,B,F
BF-017,5.0,CFD-BF-017-003-N.jpg,BF,B,F
BF-018,5.0,CFD-BF-018-039-N.jpg,BF,B,F
BF-019,5.0,CFD-BF-019-001-N.jpg,BF,B,F
BF-020,5.0,CFD-BF-020-002-N.jpg,BF,B,F
BF-021,5.0,CFD-BF-021-013-N.jpg,BF,B,F
BF-023,5.0,CFD-BF-023-010-N.jpg,BF,B,F
BF-024,5.0,CFD-BF-024-002-N.jpg,BF,B,F
BF-025,5.0,CFD-BF-025-002-N.jpg,BF,B,F
BF-027,5.0,CFD-BF-027-002-N.jpg,BF,B,F
BF-028,5.0,CFD-BF-028-001-N.jpg,BF,B,F
BF-029,5.0,CFD-BF-029-031-N.jpg,BF,B,F
BF-030,4.0,CFD-BF-030-002-N.jpg,BF,B,F
BF-031,5.0,CFD-BF-031-002-N.jpg,BF,B,F
BF-032,5.0,CFD-BF-032-038-N.jpg,BF,B,F
BF-033,5.0,CFD-BF-033-028-N.jpg,BF,B,F
BF-034,5.0,CFD-BF-034-002-N.jpg,BF,B,F
BF-035,5.0,CFD-BF-035-001-N.jpg,BF,B,F
BF-036,5.0,CFD-BF-036-027-N.jpg,BF,B,F
BF-037,5.0,CFD-BF-037-022-N.jpg,BF,B,F
BF-038,5.0,CFD-BF-038-037-N.jpg,BF,B,F
BF-039,5.0,CFD-BF-039-031-N.jpg,BF,B,F
BF-040,5.0,CFD-BF-040-003-N.jpg,BF,B,F
BF-041,5.0,CFD-BF-041-001-N.jpg,BF,B,F
BF-042,5.0,CFD-BF-042-026-N.jpg,BF,B,F
BF-043,5.0,CFD-BF-043-003-N.jpg,BF,B,F
BF-044,5.0,CFD-BF-044-034-N.jpg,BF,B,F
BF-045,5.0,CFD-BF-045-003-N.jpg,BF,B,F
BF-047,5.0,CFD-BF-047-003-N.jpg,BF,B,F
BF-048,5.0,CFD-BF-048-002-N.jpg,BF,B,F
BF-049,5.0,CFD-BF-049-032-N.jpg,BF,B,F
BF-050,5.0,CFD-BF-050-003-N.jpg,BF,B,F
BF-051,5.0,CFD-BF-051-035-N.jpg,BF,B,F
BF-200,1.0,CFD-BF-200-080-N.jpg,BF,B,F
BF-201,1.0,CFD-BF-201-080-N.jpg,BF,B,F
BF-202,1.0,CFD-BF-202-109-N.jpg,BF,B,F
BF-203,1.0,CFD-BF-203-184-N.jpg,BF,B,F
BF-204,1.0,CFD-BF-204-189-N.jpg,BF,B,F
BF-205,1.0,CFD-BF-205-141-N.jpg,BF,B,F
BF-206,1.0,CFD-BF-206-143-N.jpg,BF,B,F
BF-207,1.0,CFD-BF-207-004-N.jpg,BF,B,F
BF-208,1.0,CFD-BF-208-266-N.jpg,BF,B,F
BF-209,1.0,CFD-BF-209-172-N.jpg,BF,B,F
BF-210,1.0,CFD-BF-210-130-N.jpg,BF,B,F
BF-211,1.0,CFD-BF-211-168-N.jpg,BF,B,F
BF-212,1.0,CFD-BF-212-315-N.jpg,BF,B,F
BF-213,1.0,CFD-BF-213-188-N.jpg,BF,B,F
BF-214,1.0,CFD-BF-214-308-N.jpg,BF,B,F
BF-215,1.0,CFD-BF-215-177-N.jpg,BF,B,F
BF-216,1.0,CFD-BF-216-132-N.jpg,BF,B,F
BF-217,1.0,CFD-BF-217-189-N.jpg,BF,B,F
BF-218,1.0,CFD-BF-218-207-N.jpg,BF,B,F
BF-219,1.0,CFD-BF-219-137-N.jpg,BF,B,F
BF-220,1.0,CFD-BF-220-161-N.jpg,BF,B,F
BF-221,1.0,CFD-BF-221-223-N.jpg,BF,B,F
BF-222,1.0,CFD-BF-222-240-N.jpg,BF,B,F
BF-223,1.0,CFD-BF-223-250-N.jpg,BF,B,F
BF-224,1.0,CFD-BF-224-002-N.jpg,BF,B,F
BF-225,1.0,CFD-BF-225-192-N.jpg,BF,B,F
BF-226,1.0,CFD-BF-226-119-N.jpg,BF,B,F
BF-227,1.0,CFD-BF-227-137-N.jpg,BF,B,F
BF-228,1.0,CFD-BF-228-212-N.jpg,BF,B,F
BF-229,1.0,CFD-BF-229-179-N.jpg,BF,B,F
BF-230,1.0,CFD-BF-230-189-N.jpg,BF,B,F
BF-231,1.0,CFD-BF-231-202-N.jpg,BF,B,F
BF-232,1.0,CFD-BF-232-187-N.jpg,BF,B,F
BF-233,1.0,CFD-BF-233-116-N.jpg,BF,B,F
BF-234,1.0,CFD-BF-234-167-N.jpg,BF,B,F
BF-235,1.0,CFD-BF-235-168-N.jpg,BF,B,F
BF-236,1.0,CFD-BF-236-177-N.jpg,BF,B,F
BF-237,1.0,CFD-BF-237-172-N.jpg,BF,B,F
BF-238,1.0,CFD-BF-238-190-N.jpg,BF,B,F
BF-239,1.0,CFD-BF-239-180-N.jpg,BF,B,F
BF-240,1.0,CFD-BF-240-179-N.jpg,BF,B,F
BF-241,1.0,CFD-BF-241-222-N.jpg,BF,B,F
BF-242,1.0,CFD-BF-242-154-N.jpg,BF,B,F
BF-243,1.0,CFD-BF-243-164-N.jpg,BF,B,F
BF-244,1.0,CFD-BF-244-231-N.jpg,BF,B,F
BF-245,1.0,CFD-BF-245-178-N.jpg,BF,B,F
BF-246,1.0,CFD-BF-246-170-N.jpg,BF,B,F
BF-247,1.0,CFD-BF-247-179-N.jpg,BF,B,F
BF-248,1.0,CFD-BF-248-149-N.jpg,BF,B,F
BF-249,1.0,CFD-BF-249-091-N.jpg,BF,B,F
BF-250,1.0,CFD-BF-250-121-N.jpg,BF,B,F
BF-251,1.0,CFD-BF-251-211-N.jpg,BF,B,F
BF-252,1.0,CFD-BF-252-191-N.jpg,BF,B,F
BF-253,1.0,CFD-BF-253-202-N.jpg,BF,B,F
BF-254,1.0,CFD-BF-254-201-N.jpg,BF,B,F
BF-255,1.0,CFD-BF-255-140-N.jpg,BF,B,F
BM-001,4.0,CFD-BM-001-014-N.jpg,BM,B,M
BM-002,5.0,CFD-BM-002-013-N.jpg,BM,B,M
BM-003,4.0,CFD-BM-003-003-N.jpg,BM,B,M
BM-004,1.0,CFD-BM-004-002-N.jpg,BM,B,M
BM-005,4.0,CFD-BM-005-003-N.jpg,BM,B,M
BM-009,5.0,CFD-BM-009-002-N.jpg,BM,B,M
BM-010,4.0,CFD-BM-010-003-N.jpg,BM,B,M
BM-011,5.0,CFD-BM-011-016-N.jpg,BM,B,M
BM-012,1.0,CFD-BM-012-018-N.jpg,BM,B,M
BM-013,5.0,CFD-BM-013-002-N.jpg,BM,B,M
BM-015,5.0,CFD-BM-015-015-N.jpg,BM,B,M
BM-016,4.0,CFD-BM-016-036-N.jpg,BM,B,M
BM-017,4.0,CFD-BM-017-021-N.jpg,BM,B,M
BM-018,5.0,CFD-BM-018-001-N.jpg,BM,B,M
BM-019,5.0,CFD-BM-019-002-N.jpg,BM,B,M
BM-020,5.0,CFD-BM-020-001-N.jpg,BM,B,M
BM-021,5.0,CFD-BM-021-021-N.jpg,BM,B,M
BM-022,5.0,CFD-BM-022-022-N.jpg,BM,B,M
BM-023,5.0,CFD-BM-023-029-N.jpg,BM,B,M
BM-024,5.0,CFD-BM-024-001-N.jpg,BM,B,M
BM-025,5.0,CFD-BM-025-035-N.jpg,BM,B,M
BM-026,5.0,CFD-BM-026-002-N.jpg,BM,B,M
BM-027,1.0,CFD-BM-027-001-N.jpg,BM,B,M
BM-028,5.0,CFD-BM-028-002-N.jpg,BM,B,M
BM-029,4.0,CFD-BM-029-024-N.jpg,BM,B,M
BM-030,5.0,CFD-BM-030-003-N.jpg,BM,B,M
BM-031,5.0,CFD-BM-031-003-N.jpg,BM,B,M
BM-032,5.0,CFD-BM-032-024-N.jpg,BM,B,M
BM-033,5.0,CFD-BM-033-003-N.jpg,BM,B,M
BM-034,5.0,CFD-BM-034-031-N.jpg,BM,B,M
BM-036,5.0,CFD-BM-036-003-N.jpg,BM,B,M
BM-037,5.0,CFD-BM-037-033-N.jpg,BM,B,M
BM-038,5.0,CFD-BM-038-001-N.jpg,BM,B,M
BM-039,5.0,CFD-BM-039-029-N.jpg,BM,B,M
BM-040,4.0,CFD-BM-040-002-N.jpg,BM,B,M
BM-041,5.0,CFD-BM-041-035-N.jpg,BM,B,M
BM-043,4.0,CFD-BM-043-071-N.jpg,BM,B,M
BM-044,4.0,CFD-BM-044-001-N.jpg,BM,B,M
BM-045,5.0,CFD-BM-045-004-N.jpg,BM,B,M
BM-046,5.0,CFD-BM-046-006-N.jpg,BM,B,M
BM-200,1.0,CFD-BM-200-046-N.jpg,BM,B,M
BM-201,1.0,CFD-BM-201-077-N.jpg,BM,B,M
BM-202,1.0,CFD-BM-202-063-N.jpg,BM,B,M
BM-203,1.0,CFD-BM-203-001-N.jpg,BM,B,M
BM-204,1.0,CFD-BM-204-003-N.jpg,BM,B,M
BM-205,1.0,CFD-BM-205-001-N.jpg,BM,B,M
BM-206,1.0,CFD-BM-206-114-N.jpg,BM,B,M
BM-207,1.0,CFD-BM-207-024-N.jpg,BM,B,M
BM-208,1.0,CFD-BM-208-065-N.jpg,BM,B,M
BM-209,1.0,CFD-BM-209-088-N.jpg,BM,B,M
BM-210,1.0,CFD-BM-210-148-N.jpg,BM,B,M
BM-211,1.0,CFD-BM-211-174-N.jpg,BM,B,M
BM-212,1.0,CFD-BM-212-117-N.jpg,BM,B,M
BM-213,1.0,CFD-BM-213-134-N.jpg,BM,B,M
BM-214,1.0,CFD-BM-214-075-N.jpg,BM,B,M
BM-215,1.0,CFD-BM-215-155-N.jpg,BM,B,M
BM-216,1.0,CFD-BM-216-088-N.jpg,BM,B,M
BM-217,1.0,CFD-BM-217-082-N.jpg,BM,B,M
BM-218,1.0,CFD-BM-218-132-N.jpg,BM,B,M
BM-219,1.0,CFD-BM-219-141-N.jpg,BM,B,M
BM-221,1.0,CFD-BM-221-198-N.jpg,BM,B,M
BM-222,1.0,CFD-BM-222-173-N.jpg,BM,B,M
BM-223,1.0,CFD-BM-223-171-N.jpg,BM,B,M
BM-224,1.0,CFD-BM-224-073-N.jpg,BM,B,M
BM-225,1.0,CFD-BM-225-154-N.jpg,BM,B,M
BM-226,1.0,CFD-BM-226-276-N.jpg,BM,B,M
BM-227,1.0,CFD-BM-227-191-N.jpg,BM,B,M
BM-228,1.0,CFD-BM-228-145-N.jpg,BM,B,M
BM-229,1.0,CFD-BM-229-209-N.jpg,BM,B,M
BM-230,1.0,CFD-BM-230-232-N.jpg,BM,B,M
BM-231,1.0,CFD-BM-231-155-N.jpg,BM,B,M
BM-232,1.0,CFD-BM-232-213-N.jpg,BM,B,M
BM-233,1.0,CFD-BM-233-285-N.jpg,BM,B,M
BM-234,1.0,CFD-BM-234-172-N.jpg,BM,B,M
BM-235,1.0,CFD-BM-235-226-N.jpg,BM,B,M
BM-236,1.0,CFD-BM-236-248-N.jpg,BM,B,M
BM-237,1.0,CFD-BM-237-188-N.jpg,BM,B,M
BM-238,1.0,CFD-BM-238-242-N.jpg,BM,B,M
BM-239,1.0,CFD-BM-239-136-N.jpg,BM,B,M
BM-240,1.0,CFD-BM-240-207-N.jpg,BM,B,M
BM-241,1.0,CFD-BM-241-235-N.jpg,BM,B,M
BM-242,1.0,CFD-BM-242-233-N.jpg,BM,B,M
BM-243,1.0,CFD-BM-243-218-N.jpg,BM,B,M
BM-244,1.0,CFD-BM-244-197-N.jpg,BM,B,M
BM-245,1.0,CFD-BM-245-164-N.jpg,BM,B,M
BM-246,1.0,CFD-BM-246-192-N.jpg,BM,B,M
BM-247,1.0,CFD-BM-247-240-N.jpg,BM,B,M
BM-248,1.0,CFD-BM-248-128-N.jpg,BM,B,M
BM-249,1.0,CFD-BM-249-235-N.jpg,BM,B,M
BM-250,1.0,CFD-BM-250-170-N.jpg,BM,B,M
BM-251,1.0,CFD-BM-251-013-N.jpg,BM,B,M
BM-252,1.0,CFD-BM-252-161-N.jpg,BM,B,M
BM-253,1.0,CFD-BM-253-004-N.jpg,BM,B,M
LF-200,1.0,CFD-LF-200-058-N.jpg,LF,L,F
LF-201,1.0,CFD-LF-201-035-N.jpg,LF,L,F
LF-202,1.0,CFD-LF-202-065-N.jpg,LF,L,F
LF-203,1.0,CFD-LF-203-066-N.jpg,LF,L,F
LF-204,1.0,CFD-LF-204-133-N.jpg,LF,L,F
LF-205,1.0,CFD-LF-205-100-N.jpg,LF,L,F
LF-206,1.0,CFD-LF-206-078-N.jpg,LF,L,F
LF-207,1.0,CFD-LF-207-198-N.jpg,LF,L,F
LF-208,1.0,CFD-LF-208-127-N.jpg,LF,L,F
LF-209,1.0,CFD-LF-209-072-N.jpg,LF,L,F
LF-210,1.0,CFD-LF-210-220-N.jpg,LF,L,F
LF-211,1.0,CFD-LF-211-003-N.jpg,LF,L,F
LF-212,1.0,CFD-LF-212-066-N.jpg,LF,L,F
LF-213,1.0,CFD-LF-213-079-N.jpg,LF,L,F
LF-214,1.0,CFD-LF-214-090-N.jpg,LF,L,F
LF-215,1.0,CFD-LF-215-157-N.jpg,LF,L,F
LF-216,1.0,CFD-LF-216-121-N.jpg,LF,L,F
LF-217,1.0,CFD-LF-217-082-N.jpg,LF,L,F
LF-218,1.0,CFD-LF-218-072-N.jpg,LF,L,F
LF-219,1.0,CFD-LF-219-223-N.jpg,LF,L,F
LF-220,1.0,CFD-LF-220-120-N.jpg,LF,L,F
LF-221,1.0,CFD-LF-221-002-N.jpg,LF,L,F
LF-222,1.0,CFD-LF-222-147-N.jpg,LF,L,F
LF-223,1.0,CFD-LF-223-064-N.jpg,LF,L,F
LF-224,1.0,CFD-LF-224-176-N.jpg,LF,L,F
LF-225,1.0,CFD-LF-225-164-N.jpg,LF,L,F
LF-226,1.0,CFD-LF-226-174-N.jpg,LF,L,F
LF-227,1.0,CFD-LF-227-054-N.jpg,LF,L,F
LF-228,1.0,CFD-LF-228-125-N.jpg,LF,L,F
LF-229,1.0,CFD-LF-229-164-N.jpg,LF,L,F
LF-230,1.0,CFD-LF-230-203-N.jpg,LF,L,F
LF-231,1.0,CFD-LF-231-260-N.jpg,LF,L,F
LF-232,1.0,CFD-LF-232-199-N.jpg,LF,L,F
LF-233,1.0,CFD-LF-233-277-N.jpg,LF,L,F
LF-234,1.0,CFD-LF-234-139-N.jpg,LF,L,F
LF-235,1.0,CFD-LF-235-219-N.jpg,LF,L,F
LF-236,1.0,CFD-LF-236-221-N.jpg,LF,L,F
LF-237,1.0,CFD-LF-237-190-N.jpg,LF,L,F
LF-238,1.0,CFD-LF-238-154-N.jpg,LF,L,F
LF-239,1.0,CFD-LF-239-148-N.jpg,LF,L,F
LF-240,1.0,CFD-LF-240-199-N.jpg,LF,L,F
LF-241,1.0,CFD-LF-241-188-N.jpg,LF,L,F
LF-242,1.0,CFD-LF-242-121-N.jpg,LF,L,F
LF-243,1.0,CFD-LF-243-175-N.jpg,LF,L,F
LF-244,1.0,CFD-LF-244-096-N.jpg,LF,L,F
LF-245,1.0,CFD-LF-245-166-N.jpg,LF,L,F
LF-246,1.0,CFD-LF-246-129-N.jpg,LF,L,F
LF-247,1.0,CFD-LF-247-051-N.jpg,LF,L,F
LF-248,1.0,CFD-LF-248-160-N.jpg,LF,L,F
LF-249,1.0,CFD-LF-249-132-N.jpg,LF,L,F
LF-250,1.0,CFD-LF-250-169-N.jpg,LF,L,F
LF-251,1.0,CFD-LF-251-057-N.jpg,LF,L,F
LF-252,1.0,CFD-LF-252-172-N.jpg,LF,L,F
LF-253,1.0,CFD-LF-253-003-N.jpg,LF,L,F
LF-254,1.0,CFD-LF-254-125-N.jpg,LF,L,F
LF-255,1.0,CFD-LF-255-088-N.jpg,LF,L,F
LM-200,1.0,CFD-LM-200-045-N.jpg,LM,L,M
LM-201,1.0,CFD-LM-201-057-N.jpg,LM,L,M
LM-202,1.0,CFD-LM-202-072-N.jpg,LM,L,M
LM-203,1.0,CFD-LM-203-026-N.jpg,LM,L,M
LM-204,1.0,CFD-LM-204-001-N.jpg,LM,L,M
LM-206,1.0,CFD-LM-206-204-N.jpg,LM,L,M
LM-207,1.0,CFD-LM-207-004-N.jpg,LM,L,M
LM-208,1.0,CFD-LM-208-110-N.jpg,LM,L,M
LM-209,1.0,CFD-LM-209-111-N.jpg,LM,L,M
LM-210,1.0,CFD-LM-210-156-N.jpg,LM,L,M
LM-211,1.0,CFD-LM-211-128-N.jpg,LM,L,M
LM-212,1.0,CFD-LM-212-143-N.jpg,LM,L,M
LM-213,1.0,CFD-LM-213-061-N.jpg,LM,L,M
LM-214,1.0,CFD-LM-214-165-N.jpg,LM,L,M
LM-215,1.0,CFD-LM-215-247-N.jpg,LM,L,M
LM-216,1.0,CFD-LM-216-082-N.jpg,LM,L,M
LM-217,1.0,CFD-LM-217-162-N.jpg,LM,L,M
LM-218,1.0,CFD-LM-218-183-N.jpg,LM,L,M
LM-219,1.0,CFD-LM-219-295-N.jpg,LM,L,M
LM-220,1.0,CFD-LM-220-329-N.jpg,LM,L,M
LM-221,1.0,CFD-LM-221-216-N.jpg,LM,L,M
LM-222,1.0,CFD-LM-222-239-N.jpg,LM,L,M
LM-223,1.0,CFD-LM-223-175-N.jpg,LM,L,M
LM-224,1.0,CFD-LM-224-162-N.jpg,LM,L,M
LM-225,1.0,CFD-LM-225-130-N.jpg,LM,L,M
LM-226,1.0,CFD-LM-226-175-N.jpg,LM,L,M
LM-227,1.0,CFD-LM-227-103-N.jpg,LM,L,M
LM-228,1.0,CFD-LM-228-188-N.jpg,LM,L,M
LM-229,1.0,CFD-LM-229-187-N.jpg,LM,L,M
LM-230,1.0,CFD-LM-230-202-N.jpg,LM,L,M
LM-231,1.0,CFD-LM-231-214-N.jpg,LM,L,M
LM-232,1.0,CFD-LM-232-204-N.jpg,LM,L,M
LM-233,1.0,CFD-LM-233-171-N.jpg,LM,L,M
LM-234,1.0,CFD-LM-234-176-N.jpg,LM,L,M
LM-235,1.0,CFD-LM-235-231-N.jpg,LM,L,M
LM-236,1.0,CFD-LM-236-163-N.jpg,LM,L,M
LM-237,1.0,CFD-LM-237-264-N.jpg,LM,L,M
LM-238,1.0,CFD-LM-238-129-N.jpg,LM,L,M
LM-239,1.0,CFD-LM-239-075-N.jpg,LM,L,M
LM-240,1.0,CFD-LM-240-013-N.jpg,LM,L,M
LM-241,1.0,CFD-LM-241-125-N.jpg,LM,L,M
LM-242,1.0,CFD-LM-242-002-N.jpg,LM,L,M
LM-243,1.0,CFD-LM-243-075-N.jpg,LM,L,M
LM-244,1.0,CFD-LM-244-068-N.jpg,LM,L,M
LM-246,1.0,CFD-LM-246-087-N.jpg,LM,L,M
LM-247,1.0,CFD-LM-247-095-N.jpg,LM,L,M
LM-248,1.0,CFD-LM-248-089-N.jpg,LM,L,M
LM-249,1.0,CFD-LM-249-001-N.jpg,LM,L,M
LM-250,1.0,CFD-LM-250-077-N.jpg,LM,L,M
LM-251,1.0,CFD-LM-251-073-N.jpg,LM,L,M
LM-252,1.0,CFD-LM-252-076-N.jpg,LM,L,M
LM-253,1.0,CFD-LM-253-075-N.jpg,LM,L,M
WF-001,5.0,CFD-WF-001-003-N.jpg,WF,W,F
WF-002,4.0,CFD-WF-002-004-N.jpg,WF,W,F
WF-003,5.0,CFD-WF-003-003-N.jpg,WF,W,F
WF-005,5.0,CFD-WF-005-010-N.jpg,WF,W,F
WF-006,5.0,CFD-WF-006-002-N.jpg,WF,W,F
WF-007,5.0,CFD-WF-007-001-N.jpg,WF,W,F
WF-008,5.0,CFD-WF-008-002-N.jpg,WF,W,F
WF-009,5.0,CFD-WF-009-001-N.jpg,WF,W,F
WF-010,5.0,CFD-WF-010-004-N.jpg,WF,W,F
WF-011,5.0,CFD-WF-011-002-N.jpg,WF,W,F
WF-012,5.0,CFD-WF-012-002-N.jpg,WF,W,F
WF-013,5.0,CFD-WF-013-003-N.jpg,WF,W,F
WF-014,5.0,CFD-WF-014-002-N.jpg,WF,W,F
WF-015,5.0,CFD-WF-015-006-N.jpg,WF,W,F
WF-016,5.0,CFD-WF-016-015-N.jpg,WF,W,F
WF-017,5.0,CFD-WF-017-003-N.jpg,WF,W,F
WF-018,5.0,CFD-WF-018-017-N.jpg,WF,W,F
WF-019,5.0,CFD-WF-019-005-N.jpg,WF,W,F
WF-020,5.0,CFD-WF-020-002-N.jpg,WF,W,F
WF-021,5.0,CFD-WF-021-002-N.jpg,WF,W,F
WF-022,5.0,CFD-WF-022-017-N.jpg,WF,W,F
WF-023,5.0,CFD-WF-023-003-N.jpg,WF,W,F
WF-024,5.0,CFD-WF-024-003-N.jpg,WF,W,F
WF-025,5.0,CFD-WF-025-019-N.jpg,WF,W,F
WF-026,5.0,CFD-WF-026-002-N.jpg,WF,W,F
WF-027,5.0,CFD-WF-027-003-N.jpg,WF,W,F
WF-028,5.0,CFD-WF-028-023-N.jpg,WF,W,F
WF-029,5.0,CFD-WF-029-002-N.jpg,WF,W,F
WF-030,5.0,CFD-WF-030-002-N.jpg,WF,W,F
WF-031,5.0,CFD-WF-031-027-N.jpg,WF,W,F
WF-033,5.0,CFD-WF-033-002-N.jpg,WF,W,F
WF-034,5.0,CFD-WF-034-006-N.jpg,WF,W,F
WF-035,5.0,CFD-WF-035-024-N.jpg,WF,W,F
WF-036,5.0,CFD-WF-036-023-N.jpg,WF,W,F
WF-037,4.0,CFD-WF-037-029-N.jpg,WF,W,F
WF-038,5.0,CFD-WF-038-021-N.jpg,WF,W,F
WF-039,5.0,CFD-WF-039-025-N.jpg,WF,W,F
WF-200,1.0,CFD-WF-200-099-N.jpg,WF,W,F
WF-201,1.0,CFD-WF-201-156-N.jpg,WF,W,F
WF-202,1.0,CFD-WF-202-056-N.jpg,WF,W,F
WF-203,1.0,CFD-WF-203-229-N.jpg,WF,W,F
WF-204,1.0,CFD-WF-204-038-N.jpg,WF,W,F
WF-205,1.0,CFD-WF-205-006-N.jpg,WF,W,F
WF-206,1.0,CFD-WF-206-147-N.jpg,WF,W,F
WF-207,1.0,CFD-WF-207-014-N.jpg,WF,W,F
WF-208,1.0,CFD-WF-208-068-N.jpg,WF,W,F
WF-209,1.0,CFD-WF-209-052-N.jpg,WF,W,F
WF-210,1.0,CFD-WF-210-086-N.jpg,WF,W,F
WF-211,1.0,CFD-WF-211-001-N.jpg,WF,W,F
WF-212,1.0,CFD-WF-212-050-N.jpg,WF,W,F
WF-213,1.0,CFD-WF-213-031-N.jpg,WF,W,F
WF-214,1.0,CFD-WF-214-122-N.jpg,WF,W,F
WF-215,1.0,CFD-WF-215-145-N.jpg,WF,W,F
WF-216,1.0,CFD-WF-216-079-N.jpg,WF,W,F
WF-217,1.0,CFD-WF-217-085-N.jpg,WF,W,F
WF-218,1.0,CFD-WF-218-087-N.jpg,WF,W,F
WF-219,1.0,CFD-WF-219-038-N.jpg,WF,W,F
WF-220,1.0,CFD-WF-220-101-N.jpg,WF,W,F
WF-221,1.0,CFD-WF-221-005-N.jpg,WF,W,F
WF-222,1.0,CFD-WF-222-092-N.jpg,WF,W,F
WF-223,1.0,CFD-WF-223-133-N.jpg,WF,W,F
WF-224,1.0,CFD-WF-224-099-N.jpg,WF,W,F
WF-225,1.0,CFD-WF-225-101-N.jpg,WF,W,F
WF-226,1.0,CFD-WF-226-095-N.jpg,WF,W,F
WF-227,1.0,CFD-WF-227-002-N.jpg,WF,W,F
WF-228,1.0,CFD-WF-228-196-N.jpg,WF,W,F
WF-229,1.0,CFD-WF-229-004-N.jpg,WF,W,F
WF-230,1.0,CFD-WF-230-158-N.jpg,WF,W,F
WF-231,1.0,CFD-WF-231-099-N.jpg,WF,W,F
WF-232,1.0,CFD-WF-232-161-N.jpg,WF,W,F
WF-233,1.0,CFD-WF-233-112-N.jpg,WF,W,F
WF-234,1.0,CFD-WF-234-086-N.jpg,WF,W,F
WF-235,1.0,CFD-WF-235-121-N.jpg,WF,W,F
WF-236,1.0,CFD-WF-236-107-N.jpg,WF,W,F
WF-237,1.0,CFD-WF-237-067-N.jpg,WF,W,F
WF-238,1.0,CFD-WF-238-023-N.jpg,WF,W,F
WF-239,1.0,CFD-WF-239-155-N.jpg,WF,W,F
WF-240,1.0,CFD-WF-240-083-N.jpg,WF,W,F
WF-241,1.0,CFD-WF-241-210-N.jpg,WF,W,F
WF-242,1.0,CFD-WF-242-001-N.jpg,WF,W,F
WF-243,1.0,CFD-WF-243-148-N.jpg,WF,W,F
WF-244,1.0,CFD-WF-244-163-N.jpg,WF,W,F
WF-245,1.0,CFD-WF-245-084-N.jpg,WF,W,F
WF-246,1.0,CFD-WF-246-087-N.jpg,WF,W,F
WF-247,1.0,CFD-WF-247-065-N.jpg,WF,W,F
WF-248,1.0,CFD-WF-248-129-N.jpg,WF,W,F
WF-249,1.0,CFD-WF-249-126-N.jpg,WF,W,F
WF-250,1.0,CFD-WF-250-167-N.jpg,WF,W,F
WF-251,1.0,CFD-WF-251-014-N.jpg,WF,W,F
WF-252,1.0,CFD-WF-252-159-N.jpg,WF,W,F
WM-001,3.0,CFD-WM-001-014-N.jpg,WM,W,M
WM-002,4.0,CFD-WM-002-009-N.jpg,WM,W,M
WM-003,4.0,CFD-WM-003-002-N.jpg,WM,W,M
WM-004,5.0,CFD-WM-004-010-N.jpg,WM,W,M
WM-006,5.0,CFD-WM-006-002-N.jpg,WM,W,M
WM-009,5.0,CFD-WM-009-002-N.jpg,WM,W,M
WM-010,5.0,CFD-WM-010-001-N.jpg,WM,W,M
WM-011,5.0,CFD-WM-011-002-N.jpg,WM,W,M
WM-012,5.0,CFD-WM-012-001-N.jpg,WM,W,M
WM-013,5.0,CFD-WM-013-001-N.jpg,WM,W,M
WM-014,5.0,CFD-WM-014-002-N.jpg,WM,W,M
WM-015,5.0,CFD-WM-015-002-N.jpg,WM,W,M
WM-016,4.0,CFD-WM-016-001-N.jpg,WM,W,M
WM-017,5.0,CFD-WM-017-002-N.jpg,WM,W,M
WM-018,4.0,CFD-WM-018-002-N.jpg,WM,W,M
WM-019,5.0,CFD-WM-019-003-N.jpg,WM,W,M
WM-020,5.0,CFD-WM-020-001-N.jpg,WM,W,M
WM-021,4.0,CFD-WM-021-001-N.jpg,WM,W,M
WM-022,5.0,CFD-WM-022-001-N.jpg,WM,W,M
WM-023,5.0,CFD-WM-023-001-N.jpg,WM,W,M
WM-024,5.0,CFD-WM-024-015-N.jpg,WM,W,M
WM-025,5.0,CFD-WM-025-002-N.jpg,WM,W,M
WM-026,5.0,CFD-WM-026-001-N.jpg,WM,W,M
WM-028,5.0,CFD-WM-028-003-N.jpg,WM,W,M
WM-029,5.0,CFD-WM-029-023-N.jpg,WM,W,M
WM-031,5.0,CFD-WM-031-003-N.jpg,WM,W,M
WM-032,5.0,CFD-WM-032-001-N.jpg,WM,W,M
WM-033,5.0,CFD-WM-033-025-N.jpg,WM,W,M
WM-034,5.0,CFD-WM-034-030-N.jpg,WM,W,M
WM-035,5.0,CFD-WM-035-032-N.jpg,WM,W,M
WM-036,5.0,CFD-WM-036-031-N.jpg,WM,W,M
WM-037,5.0,CFD-WM-037-025-N.jpg,WM,W,M
WM-038,5.0,CFD-WM-038-003-N.jpg,WM,W,M
WM-039,5.0,CFD-WM-039-018-N.jpg,WM,W,M
WM-040,5.0,CFD-WM-040-022-N.jpg,WM,W,M
WM-041,3.0,CFD-WM-041-021-N.jpg,WM,W,M
WM-200,1.0,CFD-WM-200-034-N.jpg,WM,W,M
WM-201,1.0,CFD-WM-201-063-N.jpg,WM,W,M
WM-202,1.0,CFD-WM-202-107-N.jpg,WM,W,M
WM-203,1.0,CFD-WM-203-023-N.jpg,WM,W,M
WM-204,1.0,CFD-WM-204-031-N.jpg,WM,W,M
WM-205,1.0,CFD-WM-205-007-N.jpg,WM,W,M
WM-206,1.0,CFD-WM-206-045-N.jpg,WM,W,M
WM-207,1.0,CFD-WM-207-048-N.jpg,WM,W,M
WM-208,1.0,CFD-WM-208-068-N.jpg,WM,W,M
WM-209,1.0,CFD-WM-209-038-N.jpg,WM,W,M
WM-210,1.0,CFD-WM-210-057-N.jpg,WM,W,M
WM-211,1.0,CFD-WM-211-054-N.jpg,WM,W,M
WM-212,1.0,CFD-WM-212-097-N.jpg,WM,W,M
WM-213,1.0,CFD-WM-213-076-N.jpg,WM,W,M
WM-214,1.0,CFD-WM-214-026-N.jpg,WM,W,M
WM-215,1.0,CFD-WM-215-041-N.jpg,WM,W,M
WM-216,1.0,CFD-WM-216-061-N.jpg,WM,W,M
WM-217,1.0,CFD-WM-217-070-N.jpg,WM,W,M
WM-218,1.0,CFD-WM-218-074-N.jpg,WM,W,M
WM-219,1.0,CFD-WM-219-008-N.jpg,WM,W,M
WM-220,1.0,CFD-WM-220-068-N.jpg,WM,W,M
WM-221,1.0,CFD-WM-221-091-N.jpg,WM,W,M
WM-222,1.0,CFD-WM-222-057-N.jpg,WM,W,M
WM-223,1.0,CFD-WM-223-056-N.jpg,WM,W,M
WM-224,1.0,CFD-WM-224-197-N.jpg,WM,W,M
WM-225,1.0,CFD-WM-225-127-N.jpg,WM,W,M
WM-227,1.0,CFD-WM-227-099-N.jpg,WM,W,M
WM-228,1.0,CFD-WM-228-065-N.jpg,WM,W,M
WM-229,1.0,CFD-WM-229-129-N.jpg,WM,W,M
WM-230,1.0,CFD-WM-230-131-N.jpg,WM,W,M
WM-231,1.0,CFD-WM-231-112-N.jpg,WM,W,M
WM-232,1.0,CFD-WM-232-070-N.jpg,WM,W,M
WM-233,1.0,CFD-WM-233-106-N.jpg,WM,W,M
WM-234,1.0,CFD-WM-234-118-N.jpg,WM,W,M
WM-235,1.0,CFD-WM-235-147-N.jpg,WM,W,M
WM-236,1.0,CFD-WM-236-072-N.jpg,WM,W,M
WM-237,1.0,CFD-WM-237-052-N.jpg,WM,W,M
WM-238,1.0,CFD-WM-238-020-N.jpg,WM,W,M
WM-239,1.0,CFD-WM-239-128-N.jpg,WM,W,M
WM-240,1.0,CFD-WM-240-125-N.jpg,WM,W,M
WM-241,1.0,CFD-WM-241-072-N.jpg,WM,W,M
WM-242,1.0,CFD-WM-242-011-N.jpg,WM,W,M
WM-243,1.0,CFD-WM-243-107-N.jpg,WM,W,M
WM-244,1.0,CFD-WM-244-003-N.jpg,WM,W,M
WM-245,1.0,CFD-WM-245-123-N.jpg,WM,W,M
WM-247,1.0,CFD-WM-247-084-N.jpg,WM,W,M
WM-248,1.0,CFD-WM-248-036-N.jpg,WM,W,M
WM-249,1.0,CFD-WM-249-239-N.jpg,WM,W,M
WM-250,1.0,CFD-WM-250-157-N.jpg,WM,W,M
WM-251,1.0,CFD-WM-251-002-N.jpg,WM,W,M
WM-252,1.0,CFD-WM-252-224-N.jpg,WM,W,M
WM-253,1.0,CFD-WM-253-119-N.jpg,WM,W,M
WM-254,1.0,CFD-WM-254-152-N.jpg,WM,W,M
WM-255,1.0,CFD-WM-255-219-N.jpg,WM,W,M
WM-256,1.0,CFD-WM-256-138-N.jpg,WM,W,M
WM-257,1.0,CFD-WM-257-161-N.jpg,WM,W,M
WM-258,1.0,CFD-WM-258-125-N.jpg,WM,W,M
